{"patternCards" : [{
  "nameF" : "Virtus",
  "nameB" : "Kaleidoscopic Dream",
  "levelF" : 5,
  "levelB" : 4,
  "cellF" : [
    {"type" : "shade","value" : 4,"row" : 0, "col" : 0},
    {"type" : "shade","value" : 5,"row" : 3, "col" : 0},
    {"type" : "shade","value" : 3,"row" : 2, "col" : 1},
    {"type" : "shade","value" : 2,"row" : 0, "col" : 2},
    {"type" : "shade","value" : 6,"row" : 1, "col" : 2},
    {"type" : "shade","value" : 1,"row" : 3, "col" : 2},
    {"type" : "shade","value" : 5,"row" : 0, "col" : 3},
    {"type" : "shade","value" : 4,"row" : 2, "col" : 3},
    {"type" : "shade","value" : 2,"row" : 1, "col" : 4},
    {"type" : "color","color" : "green","row" : 0,"col" : 4 },
    {"type" : "color","color" : "green","row" : 1,"col" : 3 },
    {"type" : "color","color" : "green","row" : 2,"col" : 2 },
    {"type" : "color","color" : "green","row" : 3,"col" : 1 }
  ],
  "cellB" : [
    {"type" : "shade","value" : 1,"row" : 0, "col" : 4},
    {"type" : "shade","value" : 5,"row" : 1, "col" : 2},
    {"type" : "shade","value" : 4,"row" : 1, "col" : 4},
    {"type" : "shade","value" : 3,"row" : 2, "col" : 0},
    {"type" : "shade","value" : 2,"row" : 3, "col" : 0},
    {"type" : "color","color" : "yellow","row" : 0,"col" : 0 },
    {"type" : "color","color" : "blue","row" : 0,"col" : 1 },
    {"type" : "color","color" : "green","row" : 1,"col" : 0 },
    {"type" : "color","color" : "red","row" : 2,"col" : 2 },
    {"type" : "color","color" : "green","row" : 2,"col" : 4 },
    {"type" : "color","color" : "blue","row" : 3,"col" : 3 },
    {"type" : "color","color" : "yellow","row" : 3,"col" : 4 }
  ]
},
  {
    "nameF" : "Via Lux",
    "nameB" : "Aurorae Magnificus",
    "levelF" : 4,
    "levelB" : 5,
    "cellF" : [
      {"type" : "shade","value" : 6,"row" : 0, "col" : 2},
      {"type" : "shade","value" : 1,"row" : 1, "col" : 1},
      {"type" : "shade","value" : 5,"row" : 1, "col" : 2},
      {"type" : "shade","value" : 2,"row" : 1, "col" : 4},
      {"type" : "shade","value" : 3,"row" : 2, "col" : 0},
      {"type" : "shade","value" : 4,"row" : 3, "col" : 2},
      {"type" : "shade","value" : 3,"row" : 3, "col" : 3},
      {"type" : "color","color" : "yellow","row" : 0,"col" : 0 },
      {"type" : "color","color" : "yellow","row" : 2,"col" : 1 },
      {"type" : "color","color" : "red","row" : 2,"col" : 2 },
      {"type" : "color","color" : "purple","row" : 2,"col" : 3 },
      {"type" : "color","color" : "red","row" : 3,"col" : 4 }
    ],
    "cellB" : [
      {"type" : "shade","value" : 5,"row" : 0, "col" : 0},
      {"type" : "shade","value" : 2,"row" : 0, "col" : 4},
      {"type" : "shade","value" : 6,"row" : 2, "col" : 2},
      {"type" : "shade","value" : 1,"row" : 3, "col" : 0},
      {"type" : "shade","value" : 4,"row" : 3, "col" : 4},
      {"type" : "color","color" : "green","row" : 0,"col" : 1 },
      {"type" : "color","color" : "blue","row" : 0,"col" : 2 },
      {"type" : "color","color" : "purple","row" : 0,"col" : 3 },
      {"type" : "color","color" : "purple","row" : 1,"col" : 0 },
      {"type" : "color","color" : "yellow","row" : 1,"col" : 4 },
      {"type" : "color","color" : "yellow","row" : 2,"col" : 0 },
      {"type" : "color","color" : "purple","row" : 2,"col" : 4 },
      {"type" : "color","color" : "green","row" : 3,"col" : 3 }
    ]
  },
  {
    "nameF" : "Bellesguard",
    "nameB" : "Sun Catcher",
    "levelF" : 3,
    "levelB" : 3,
    "cellF" : [
      {"type" : "shade","value" : 6,"row" : 0, "col" : 1},
      {"type" : "shade","value" : 3,"row" : 1, "col" : 1},
      {"type" : "shade","value" : 5,"row" : 2, "col" : 1},
      {"type" : "shade","value" : 4,"row" : 3, "col" : 1},
      {"type" : "shade","value" : 6,"row" : 2, "col" : 2},
      {"type" : "shade","value" : 2,"row" : 2, "col" : 3},
      {"type" : "shade","value" : 1,"row" : 3, "col" : 3},
      {"type" : "color","color" : "blue","row" : 0,"col" : 0 },
      {"type" : "color","color" : "blue","row" : 1,"col" : 2 },
      {"type" : "color","color" : "yellow","row" : 0,"col" : 4 },
      {"type" : "color","color" : "green","row" : 3,"col" : 4 }
    ],
    "cellB" : [
      {"type" : "shade","value" : 4,"row" : 1, "col" : 1},
      {"type" : "shade","value" : 3,"row" : 3, "col" : 1},
      {"type" : "shade","value" : 5,"row" : 2, "col" : 2},
      {"type" : "shade","value" : 2,"row" : 0, "col" : 2},
      {"type" : "color","color" : "green","row" : 3,"col" : 0 },
      {"type" : "color","color" : "blue","row" : 0,"col" : 1 },
      {"type" : "color","color" : "red","row" : 1,"col" : 3 },
      {"type" : "color","color" : "yellow","row" : 2,"col" : 3 },
      {"type" : "color","color" : "yellow","row" : 0,"col" : 4 },
      {"type" : "color","color" : "purple","row" : 3,"col" : 4 }
    ]
  },
  {
    "nameF" : "Firmitas",
    "nameB" : "Symphony of Light",
    "levelF" : 5,
    "levelB" : 6,
    "cellF" : [
      {"type" : "shade","value" : 5,"row" : 1, "col" : 0},
      {"type" : "shade","value" : 6,"row" : 0, "col" : 1},
      {"type" : "shade","value" : 2,"row" : 2, "col" : 1},
      {"type" : "shade","value" : 1,"row" : 3, "col" : 1},
      {"type" : "shade","value" : 3,"row" : 1, "col" : 2},
      {"type" : "shade","value" : 5,"row" : 3, "col" : 2},
      {"type" : "shade","value" : 1,"row" : 2, "col" : 3},
      {"type" : "shade","value" : 3,"row" : 0, "col" : 4},
      {"type" : "shade","value" : 4,"row" : 3, "col" : 4},
      {"type" : "color","color" : "purple","row" : 0,"col" : 0 },
      {"type" : "color","color" : "purple","row" : 1,"col" : 1 },
      {"type" : "color","color" : "purple","row" : 2,"col" : 2 },
      {"type" : "color","color" : "purple","row" : 3,"col" : 3 }
    ],
    "cellB" : [
      {"type" : "shade","value" : 2,"row" : 0, "col" : 0},
      {"type" : "shade","value" : 6,"row" : 1, "col" : 1},
      {"type" : "shade","value" : 3,"row" : 3, "col" : 1},
      {"type" : "shade","value" : 5,"row" : 0, "col" : 2},
      {"type" : "shade","value" : 4,"row" : 2, "col" : 2},
      {"type" : "shade","value" : 2,"row" : 1, "col" : 3},
      {"type" : "shade","value" : 5,"row" : 3, "col" : 3},
      {"type" : "shade","value" : 1,"row" : 0, "col" : 4},
      {"type" : "color","color" : "yellow","row" : 1,"col" : 0 },
      {"type" : "color","color" : "blue","row" : 2,"col" : 1 },
      {"type" : "color","color" : "purple","row" : 1,"col" : 2 },
      {"type" : "color","color" : "green","row" : 2,"col" : 3 },
      {"type" : "color","color" : "red","row" : 1,"col" : 4 }
    ]
  },
  {
    "nameF" : "Aurora Sagradis",
    "nameB" : "Industria",
    "levelF" : 4,
    "levelB" : 5,
    "cellF" : [
      {"type" : "shade","value" : 4,"row" : 1, "col" : 0},
      {"type" : "shade","value" : 3,"row" : 1, "col" : 2},
      {"type" : "shade","value" : 2,"row" : 1, "col" : 4},
      {"type" : "shade","value" : 1,"row" : 2, "col" : 1},
      {"type" : "shade","value" : 5,"row" : 2, "col" : 3},
      {"type" : "shade","value" : 6,"row" : 3, "col" : 2},
      {"type" : "color","color" : "red","row" : 0,"col" : 0 },
      {"type" : "color","color" : "blue","row" : 0,"col" : 2 },
      {"type" : "color","color" : "yellow","row" : 0,"col" : 4 },
      {"type" : "color","color" : "purple","row" : 1,"col" : 1 },
      {"type" : "color","color" : "green","row" : 1,"col" : 3 }
    ],
    "cellB" : [
      {"type" : "shade","value" : 1,"row" : 0, "col" : 0},
      {"type" : "shade","value" : 3,"row" : 0, "col" : 2},
      {"type" : "shade","value" : 6,"row" : 0, "col" : 4},
      {"type" : "shade","value" : 5,"row" : 1, "col" : 0},
      {"type" : "shade","value" : 4,"row" : 1, "col" : 1},
      {"type" : "shade","value" : 2,"row" : 1, "col" : 3},
      {"type" : "shade","value" : 5,"row" : 2, "col" : 2},
      {"type" : "shade","value" : 1,"row" : 2, "col" : 4},
      {"type" : "shade","value" : 3,"row" : 3, "col" : 3},
      {"type" : "color","color" : "red","row" : 0,"col" : 1 },
      {"type" : "color","color" : "red","row" : 1,"col" : 2 },
      {"type" : "color","color" : "red","row" : 2,"col" : 3 },
      {"type" : "color","color" : "red","row" : 3,"col" : 4 }
    ]
  },
  {
    "nameF" : "Shadow Thief",
    "nameB" : "Batilo",
    "levelF" : 5,
    "levelB" : 5,
    "cellF" : [
      {"type" : "shade","value" : 6,"row" : 0, "col" : 0},
      {"type" : "shade","value" : 5,"row" : 0, "col" : 4},
      {"type" : "shade","value" : 5,"row" : 1, "col" : 0},
      {"type" : "shade","value" : 6,"row" : 2, "col" : 1},
      {"type" : "shade","value" : 5,"row" : 3, "col" : 2},
      {"type" : "shade","value" : 4,"row" : 3, "col" : 3},
      {"type" : "shade","value" : 3,"row" : 3, "col" : 4},
      {"type" : "color","color" : "purple","row" : 0,"col" : 0 },
      {"type" : "color","color" : "purple","row" : 1,"col" : 1 },
      {"type" : "color","color" : "red","row" : 2,"col" : 2 },
      {"type" : "color","color" : "purple","row" : 2,"col" : 2 },
      {"type" : "color","color" : "yellow","row" : 3,"col" : 3 },
      {"type" : "color","color" : "red","row" : 3,"col" : 3 }

    ],
    "cellB" : [
      {"type" : "shade","value" : 6,"row" : 0, "col" : 2},
      {"type" : "shade","value" : 5,"row" : 1, "col" : 1},
      {"type" : "shade","value" : 4,"row" : 1, "col" : 3},
      {"type" : "shade","value" : 3,"row" : 2, "col" : 0},
      {"type" : "shade","value" : 2,"row" : 2, "col" : 4},
      {"type" : "shade","value" : 1,"row" : 3, "col" : 0},
      {"type" : "shade","value" : 4,"row" : 3, "col" : 1},
      {"type" : "shade","value" : 5,"row" : 3, "col" : 3},
      {"type" : "shade","value" : 3,"row" : 3, "col" : 4},
      {"type" : "color","color" : "blue","row" : 1,"col" : 2 },
      {"type" : "color","color" : "green","row" : 2,"col" : 1 },
      {"type" : "color","color" : "yellow","row" : 2,"col" : 2 },
      {"type" : "color","color" : "purple","row" : 2,"col" : 3 },
      {"type" : "color","color" : "red","row" : 3,"col" : 2 }
    ]
  },
  {
    "nameF" : "Gravitas",
    "nameB" : "Fractal  Drops",
    "levelF" : 5,
    "levelB" : 3,
    "cellF" : [
      {"type" : "shade","value" : 1,"row" : 0, "col" : 0},
      {"type" : "shade","value" : 3,"row" : 0, "col" : 2},
      {"type" : "shade","value" : 2,"row" : 1, "col" : 1},
      {"type" : "shade","value" : 6,"row" : 2, "col" : 0},
      {"type" : "shade","value" : 4,"row" : 2, "col" : 3},
      {"type" : "shade","value" : 5,"row" : 3, "col" : 1},
      {"type" : "shade","value" : 2,"row" : 3, "col" : 2},
      {"type" : "shade","value" : 1,"row" : 3, "col" : 4},
      {"type" : "color","color" : "blue","row" : 0,"col" : 3 },
      {"type" : "color","color" : "blue","row" : 1,"col" : 2 },
      {"type" : "color","color" : "blue","row" : 2,"col" : 1 },
      {"type" : "color","color" : "blue","row" : 3,"col" : 0 }
    ],
    "cellB" : [
      {"type" : "shade","value" : 4,"row" : 0, "col" : 1},
      {"type" : "shade","value" : 6,"row" : 0, "col" : 4},
      {"type" : "shade","value" : 2,"row" : 1, "col" : 2},
      {"type" : "shade","value" : 1,"row" : 2, "col" : 4},
      {"type" : "color","color" : "yellow","row" : 0,"col" : 3},
      {"type" : "color","color" : "red","row" : 1,"col" : 0},
      {"type" : "color","color" : "red","row" : 2,"col" : 2},
      {"type" : "color","color" : "purple","row" : 2,"col" : 3},
      {"type" : "color","color" : "blue","row" : 3,"col" : 0},
      {"type" : "color","color" : "yellow","row" : 3,"col" : 1}
    ]
  },
  {
    "nameF" : "Lux Astram",
    "nameB" : "Chromatic Splendor",
    "levelF" : 5,
    "levelB" : 4,
    "cellF" : [
      {"type" : "shade","value" : 1,"row" : 0, "col" : 1},
      {"type" : "shade","value" : 4,"row" : 0, "col" : 4},
      {"type" : "shade","value" : 6,"row" : 1, "col" : 0},
      {"type" : "shade","value" : 2,"row" : 1, "col" : 2},
      {"type" : "shade","value" : 5,"row" : 1, "col" : 3},
      {"type" : "shade","value" : 1,"row" : 2, "col" : 0},
      {"type" : "shade","value" : 5,"row" : 2, "col" : 2},
      {"type" : "shade","value" : 3,"row" : 2, "col" : 3},
      {"type" : "color","color" : "green","row" : 0,"col" : 2 },
      {"type" : "color","color" : "purple","row" : 0,"col" : 3 },
      {"type" : "color","color" : "purple","row" : 1,"col" : 1 },
      {"type" : "color","color" : "green","row" : 1,"col" : 4},
      {"type" : "color","color" : "green","row" : 2,"col" : 1},
      {"type" : "color","color" : "purple","row" : 2,"col" : 4 }

    ],
    "cellB" : [
      {"type" : "shade","value" : 2,"row" : 1, "col" : 0},
      {"type" : "shade","value" : 5,"row" : 1, "col" : 2},
      {"type" : "shade","value" : 1,"row" : 1, "col" : 4},
      {"type" : "shade","value" : 3,"row" : 2, "col" : 2},
      {"type" : "shade","value" : 1,"row" : 3, "col" : 0},
      {"type" : "shade","value" : 6,"row" : 3, "col" : 2},
      {"type" : "shade","value" : 4,"row" : 3, "col" : 4},
      {"type" : "color","color" : "green","row" : 0,"col" : 2 },
      {"type" : "color","color" : "yellow","row" : 1,"col" : 1 },
      {"type" : "color","color" : "blue","row" : 1,"col" : 3 },
      {"type" : "color","color" : "red","row" : 2,"col" : 1 },
      {"type" : "color","color" : "purple","row" : 2,"col" : 3 }
    ]
  },
  {
    "nameF" : "Firelight",
    "nameB" : "Luz Celestial",
    "levelF" : 5,
    "levelB" : 3,
    "cellF" : [
      {"type" : "shade","value" : 3,"row" : 0, "col" : 0},
      {"type" : "shade","value" : 4,"row" : 0, "col" : 1},
      {"type" : "shade","value" : 1,"row" : 0, "col" : 2},
      {"type" : "shade","value" : 5,"row" : 0, "col" : 3},
      {"type" : "shade","value" : 6,"row" : 1, "col" : 1},
      {"type" : "shade","value" : 2,"row" : 1, "col" : 2},
      {"type" : "shade","value" : 5,"row" : 3, "col" : 0},
      {"type" : "shade","value" : 6,"row" : 3, "col" : 4},
      {"type" : "color","color" : "yellow","row" : 1,"col" : 4 },
      {"type" : "color","color" : "yellow","row" : 2,"col" : 3 },
      {"type" : "color","color" : "red","row" : 2,"col" : 4 },
      {"type" : "color","color" : "yellow","row" : 3,"col" : 2},
      {"type" : "color","color" : "red","row" : 3,"col" : 3}
    ],
    "cellB" : [
      {"type" : "shade","value" : 5,"row" : 0, "col" : 3},
      {"type" : "shade","value" : 4,"row" : 1, "col" : 1},
      {"type" : "shade","value" : 3,"row" : 1, "col" : 4},
      {"type" : "shade","value" : 6,"row" : 2, "col" : 2},
      {"type" : "shade","value" : 2,"row" : 3, "col" : 0},
      {"type" : "color","color" : "red","row" : 0,"col" : 2 },
      {"type" : "color","color" : "purple","row" : 1,"col" : 0 },
      {"type" : "color","color" : "green","row" : 1,"col" : 3 },
      {"type" : "color","color" : "blue","row" : 2,"col" : 3 },
      {"type" : "color","color" : "yellow","row" : 3,"col" : 1 }
    ]
  },
  {
    "nameF" : "Water of Life",
    "nameB" : "Ripples of Light",
    "levelF" : 6,
    "levelB" : 5,
    "cellF" : [
      {"type" : "shade","value" : 6,"row" : 0, "col" : 0},
      {"type" : "shade","value" : 1,"row" : 0, "col" : 4},
      {"type" : "shade","value" : 5,"row" : 1, "col" : 1},
      {"type" : "shade","value" : 4,"row" : 2, "col" : 0},
      {"type" : "shade","value" : 2,"row" : 2, "col" : 2},
      {"type" : "shade","value" : 6,"row" : 3, "col" : 1},
      {"type" : "shade","value" : 3,"row" : 3, "col" : 3},
      {"type" : "color","color" : "blue","row" : 0,"col" : 0 },
      {"type" : "color","color" : "blue","row" : 1,"col" : 4 },
      {"type" : "color","color" : "red","row" : 2,"col" : 1 },
      {"type" : "color","color" : "blue","row" : 2,"col" : 0},
      {"type" : "color","color" : "green","row" : 3,"col" : 2},
      {"type" : "color","color" : "yellow","row" : 3,"col" : 1 },
      {"type" : "color","color" : "purple","row" : 3,"col" : 3 }
    ],
    "cellB" : [
      {"type" : "shade","value" : 5,"row" : 0, "col" : 4},
      {"type" : "shade","value" : 4,"row" : 1, "col" : 3},
      {"type" : "shade","value" : 3,"row" : 2, "col" : 2},
      {"type" : "shade","value" : 6,"row" : 2, "col" : 4},
      {"type" : "shade","value" : 2,"row" : 3, "col" : 1},
      {"type" : "shade","value" : 1,"row" : 3, "col" : 3},
      {"type" : "color","color" : "red","row" : 0,"col" : 3 },
      {"type" : "color","color" : "purple","row" : 1,"col" : 2 },
      {"type" : "color","color" : "blue","row" : 1,"col" : 4 },
      {"type" : "color","color" : "blue","row" : 2,"col" : 1 },
      {"type" : "color","color" : "yellow","row" : 2,"col" : 3 },
      {"type" : "color","color" : "yellow","row" : 3,"col" : 0 },
      {"type" : "color","color" : "green","row" : 3,"col" : 2 },
      {"type" : "color","color" : "red","row" : 3,"col" : 4 }
    ]
  },
  {
    "nameF" : "Lux Mundi",
    "nameB" : "Comitas",
    "levelF" : 6,
    "levelB" : 5,
    "cellF" : [
      {"type" : "shade","value" : 1,"row" : 0, "col" : 2},
      {"type" : "shade","value" : 1,"row" : 1, "col" : 0},
      {"type" : "shade","value" : 3,"row" : 1, "col" : 2},
      {"type" : "shade","value" : 2,"row" : 1, "col" : 4},
      {"type" : "shade","value" : 5,"row" : 2, "col" : 1},
      {"type" : "shade","value" : 4,"row" :2, "col" : 2},
      {"type" : "shade","value" : 6,"row" : 2, "col" : 3},
      {"type" : "shade","value" : 5,"row" : 3, "col" : 2},
      {"type" : "color","color" : "green","row" : 1,"col" : 1 },
      {"type" : "color","color" : "blue","row" : 1,"col" : 3 },
      {"type" : "color","color" : "blue","row" : 2,"col" : 0 },
      {"type" : "color","color" : "green","row" : 2,"col" : 4},
      {"type" : "color","color" : "blue","row" : 3,"col" : 1},
      {"type" : "color","color" : "green","row" : 3,"col" : 3 }
    ],
    "cellB" : [
      {"type" : "shade","value" : 2,"row" : 0, "col" : 2},
      {"type" : "shade","value" : 6,"row" : 0, "col" : 4},
      {"type" : "shade","value" : 4,"row" : 1, "col" : 1},
      {"type" : "shade","value" : 5,"row" : 1, "col" : 3},
      {"type" : "shade","value" : 5,"row" : 2, "col" : 4},
      {"type" : "shade","value" : 1,"row" : 3, "col" : 0},
      {"type" : "shade","value" : 2,"row" : 3, "col" : 1},
      {"type" : "shade","value" : 3,"row" : 3, "col" : 3},
      {"type" : "color","color" : "yellow","row" : 0,"col" : 0 },
      {"type" : "color","color" : "yellow","row" : 1,"col" : 4 },
      {"type" : "color","color" : "yellow","row" : 2,"col" : 3 },
      {"type" : "color","color" : "yellow","row" : 3,"col" : 2 }
    ]
  },
  {
    "nameF" : "Sun's Glory",
    "nameB" : "Fulor del Cielo",
    "levelF" : 6,
    "levelB" : 5,
    "cellF" : [
      {"type" : "shade","value" : 1,"row" : 0, "col" : 0},
      {"type" : "shade","value" : 4,"row" : 0, "col" : 4},
      {"type" : "shade","value" : 6,"row" : 1, "col" : 4},
      {"type" : "shade","value" : 5,"row" : 2, "col" : 3},
      {"type" : "shade","value" : 3,"row" : 2, "col" : 4},
      {"type" : "shade","value" : 5,"row" : 3, "col" : 1},
      {"type" : "shade","value" : 4,"row" : 3, "col" : 2},
      {"type" : "shade","value" : 2,"row" : 3, "col" : 3},
      {"type" : "shade","value" : 1,"row" : 3, "col" : 4},
      {"type" : "color","color" : "purple","row" : 0,"col" : 1 },
      {"type" : "color","color" : "yellow","row" : 0,"col" : 2 },
      {"type" : "color","color" : "purple","row" : 1,"col" : 0 },
      {"type" : "color","color" : "yellow","row" : 1,"col" : 1},
      {"type" : "color","color" : "yellow","row" : 2,"col" : 0 }
    ],
    "cellB" : [
      {"type" : "shade","value" : 4,"row" : 1, "col" : 1},
      {"type" : "shade","value" : 5,"row" : 1, "col" : 2},
      {"type" : "shade","value" : 2,"row" : 2, "col" : 1},
      {"type" : "shade","value" : 5,"row" : 2, "col" : 4},
      {"type" : "shade","value" : 6,"row" : 3, "col" : 0},
      {"type" : "shade","value" : 3,"row" : 3, "col" : 2},
      {"type" : "shade","value" : 1,"row" : 3, "col" : 3},
      {"type" : "color","color" : "blue","row" : 0,"col" : 1 },
      {"type" : "color","color" : "red","row" : 0,"col" : 2 },
      {"type" : "color","color" : "blue","row" : 1,"col" : 4 },
      {"type" : "color","color" : "blue","row" : 2,"col" : 0 },
      {"type" : "color","color" : "red","row" : 2,"col" : 3 },
      {"type" : "color","color" : "red","row" : 3,"col" : 2 }
    ]
  }
]
}
